A2SRZQU1SZG4RR,B0000039Y4,5,1055376000
A1C19JA96JV4O1,B0000039Y4,4,1379462400
A1XU6YVP3T31E6,B0000039Y4,4,1031270400
A1JS24N2NBNPJS,B0000039Y4,5,1276387200
AM4ZXVM0PAP8E,B0000039Y4,5,1294185600
A2U0JGFWFP6P65,B0000039Y4,5,910569600
A7EPYJML6538O,B000003A4S,5,1350864000
A1G3J9TUMPP38U,B000003A4S,5,979603200
A3Q015U42YXZ5C,B000003B9T,3,962323200
A33N3Z9MYSIPRO,B000003BAT,5,1325721600
A2NYK9KWFMJV4Y,B000003BAT,5,1351987200
A2BMS5MH5FJCQ7,B000003BAT,5,1253232000
A35QCEIV3OMQHF,B000003BAZ,3,1024099200
A3JBTOZ67XG5M9,B000003BB3,5,1374451200
AFZ70KCXU9HJG,B000003BB3,5,1356048000
A3RPGJFSTCD7KA,B000003BB3,5,968198400
A35QCEIV3OMQHF,B000003BBO,4,1024272000
A14Q3LK731MAXK,B000003BBO,5,1330905600
A198F3K4BP2OTO,B000003BBT,5,991872000
A1RF91FJZ1XS8G,B000003BBT,5,1032134400
A2I86QB26LBA8K,B000003BCB,5,1251676800
A1R7G508YU05GO,B000003BLU,5,1386979200
AS50ROAHZBEB,B000003CAL,5,907286400
AL3Z1LZXS0Q1U,B000003CAL,4,958435200
A2FJCITRT7GQ0N,B000003CAL,5,1326499200
AWLISKK9SRZ1T,B000003CAL,5,1044403200
A3LF4P7NICFHFH,B000003CAL,5,1331856000
A27Q9NX3M3GN63,B000003CAU,5,1082592000
A116B15R8TSF6U,B000003CG4,4,945734400
A3R6WP4T0PJ6PK,B000003CG4,5,1174003200
A2Z125PVH4WZE7,B000003CYI,5,1221696000
A2D8CUJPOSRPNA,B000003CYI,5,1388188800
AXRCVNYPDL0DR,B000003D08,5,1357171200
A39TYWLROBFLAP,B000003D08,5,1370304000
A3KXQJ9N1JY0WB,B000003D1U,5,1322438400
A2SMEQJSRHAJ1R,B000003D1U,5,1148860800
A3RIWIKN0LUL7B,B000003D1U,5,1377475200
A1SW1QP6C89AIC,B000003D26,3,1221350400
A3B0V4HRHE3ITR,B000003D26,5,1198540800
A1Q1S7EF4AEYXG,B000003D9I,5,1348876800
A2WQY1B8ZS7QRZ,B000003D9I,4,1096848000
A2WFZD47HQUJ6D,B000003DFX,5,1030838400
A2IL7M9TFFJPAS,B000003DFX,5,966470400
A33R9A9BC5O52F,B000003DSA,3,1229212800
A39WN6SU7RCLJR,B000003DVR,5,1272758400
ASJRRA8CHJ67Z,B000003DVR,5,1352160000
A27J811CM5MLEQ,B000003E6B,5,925689600
A317YB6HE0M35I,B000003E95,5,949276800
AGXIND08WDJEO,B000003E95,4,1385164800
A306UUZCT6N405,B000003E95,5,1002067200
A3D01HLSUFEZQY,B000003E95,5,1056844800
AYO1XUA322UIK,B000003E95,5,992390400
A3NJ1W51XSRC29,B000003E95,5,972432000
ABCMQXEU1V1VA,B000003E95,4,1007337600
AFESOCRSCVQAE,B000003E95,5,1283731200
A1TU1CK2R53CEF,B000003EPP,5,1396915200
A3TLIMEV56GB3W,B000003ES0,3,1393632000
A3K5T37HC63ZJ1,B000003F4J,5,1169856000
A38H9JSAU5G7SO,B000003F4J,5,1267660800
AWBJRK0ND09VC,B000003F4J,5,1002067200
ACCUPJZUVRNT1,B000003F4J,5,949622400
A7Y6AVS576M03,B000003F4J,5,973555200
A2U6BWI4W9LIWB,B000003F4J,5,961372800
AAMPPHQ4XLJGN,B000003F4J,5,1352764800
A3NVBBDVHEXTHT,B000003F4J,5,1385337600
AL8GV1020RQ6U,B000003F4J,5,1389830400
A16KR5I6LWU15L,B000003F4J,5,1370736000
A3DDZSRCBVTRJM,B000003F4J,2,1401148800
A26YZ24WTIO9VE,B000003F4J,1,1385683200
AL6JIT43D8D4Z,B000003F4J,5,998524800
ANCULHD3FMVJN,B000003F4J,5,1210896000
A15GAYNF75YYR2,B000003FG2,5,1187740800
A10HCS654RE1ZO,B000003FG2,5,1135036800
A2FNBA2IE59Q7V,B000003FG2,5,1392422400
A1XIR3TO40MUMB,B000003FG2,5,1215302400
A3H65YPNJWG0L9,B000003FOS,1,1130198400
A1OB5L3WMHJAD9,B000003FOS,2,1262736000
A18CE4EE4MV2V,B000003FOS,5,1192406400
A188XNV7VNF86X,B000003GEE,5,982886400
A3NRY9P3TNNXNA,B000003GI5,5,1388275200
A1X5NUUVADLITR,B000003GIF,5,945907200
A3C8TTBOS84MZH,B000003GIN,5,1002931200
AZ5Q1X5AN99V7,B000003GIN,5,1321920000
A23X12G8843ELF,B000003GIN,5,976579200
A1TSMX3Q5O4G97,B000003GIN,5,1336089600
A2T049UQONS0OY,B000003GJH,5,1305331200
A2BXF31NGA0RRM,B000003GJK,2,1297728000
A3DDSAGWD0UN9H,B000003GJK,4,1157068800
A19Y905JODTDZ2,B000003GJK,5,1145577600
A2MI65E4DQ83JF,B000003GJO,5,1017014400
A2QYTGBOPNZUDN,B000003GJO,5,1355788800
A2M71BTOEHF5TB,B000003H9D,5,999043200
A1ZS4AB7S69GBL,B000003H9D,5,1064707200
A10KY6QXJ32FIX,B000003H9D,5,1208390400
A38XZAFYMJ10NJ,B000003H9D,5,1074470400
A23W5ARM61KGJP,B000003HAL,5,1306886400
A3SK131WJQYORH,B000003IBY,3,952041600
A11332CD97QXAC,B000003IBY,1,977356800
A1JP3249FJF1MB,B000003IBY,3,991785600
A3BT8L953KCGCO,B000003IBY,5,1125360000
A2DBYYL1LOAY6S,B000003IYN,4,1393632000
A30TK6U7DNS82R,B000003IYN,5,1107993600
A79KJ5PLS47WC,B000003IZH,5,1101859200
AAQKKZURM6BC,B000003J00,4,1032739200
A3Q2GDY7QRE7C5,B000003J05,5,1373500800
A2MXRL7K3TCQN6,B000003J05,5,1020297600
A14LGGIB3DK78F,B000003J05,5,1345507200
ASCQPZ3NI0U3S,B000003J3H,4,1292803200
A2R34GM8N5A4M5,B000003J3H,5,1036022400
A39HTL3JVU9QLN,B000003J3H,5,984960000
AGQKW7UXOQTHJ,B000003J3H,3,1101772800
A1Y1CCGH30LCQU,B000003J9W,5,1399939200
A314TD4FRFA8BY,B000003J9W,5,1147392000
AWNVS9TLVMO5M,B000003J9W,3,1223596800
A1FMJJKSVQDDQ,B000003JPK,5,1236297600
AQ8DU6XVA3USJ,B000003JPP,5,994809600
A2AIMXT9PLAM12,B000003JPP,2,1198540800
A1QNNSSJV58UU9,B000003JPV,1,1271203200
A2LKYQK19PQ44K,B000003JPV,5,1194912000
ARW6I4YJEBBIZ,B000003JPV,5,1136851200
A30JFEZEVKQ7ZN,B000003JSF,4,1300492800
A24IBBUZIHTPRQ,B000003JSF,5,1250467200
A239CZT679USF7,B000003JSF,5,1357603200
A1DVA28U3U9DEX,B000003JSF,5,1219622400
AHAVDFJFDE9OS,B000003JSF,4,1298160000
AEFZ7WOYJJZ0V,B000003JSF,5,1162080000
ASHGDMQO6EAMP,B000003L1B,5,947635200
A108LXBJXGQFPH,B000003L1B,5,1256601600
A1XZQIM7JZS0TH,B000003L1B,5,1195603200
A3RFGP3L58PA92,B000003LAE,5,1342569600
A1Z0BM4MZEKGEE,B000003LAE,5,1175731200
A2EI3FF8KUJGYZ,B000003LAE,5,1001203200
A2RHBBCKZ6QWN3,B000003LAE,5,983404800
A3L6P756TAFNMP,B000003LAE,5,1114819200
A2423EV1UIHLDT,B000003LIC,1,1285113600
A2B8PGVJE6RI4O,B000003LIC,5,1345939200
A2H5MP9UM3O0T8,B000003LIC,5,1178928000
A2I3IPU1LVJHQE,B000003LJ8,5,952992000
A11QJPQ3MV4D0Q,B000003LJG,4,1106611200
A2S70VL252M8M1,B000003LJG,5,1144713600
A2EUKWBDFNA1LX,B000003LJG,5,1362528000
AF77PSQW3ERPG,B000003LK0,2,1353974400
A1HHY7EFRT2KGQ,B000003LK4,5,986947200
A3C7DPBKJKE921,B000003LK4,5,1139875200
A17IYDUGEM6ZHY,B000003LK4,5,1080345600
A2JPO59ROYQ2XL,B000003LL2,4,939859200
A2EIDIR88ZWOOX,B000003LLE,5,1021939200
A36I91QZSZ03OA,B000003LLE,5,1203724800
A3R2HLLKDSFSXS,B000003LY7,5,1040774400
A2D9N670IKJ2BP,B000003M6S,5,1108339200
AFS41YNOW7JR2,B000003NM3,5,1292198400
A23P4LNAA0KKQO,B000003NPV,5,1107388800
A1ND0D8BT1FVEG,B000003OAN,5,1260921600
A2QW1YU8SS4WMN,B000003OAN,5,1386720000
A1H2D403IZ5E6K,B000003OBB,3,1366675200
A32JW44TFZZPOM,B000003OBB,3,1196467200
A2FIXVGU574U92,B000003OBB,4,1367884800
A2P13TQRYJUA5P,B000003OBB,4,1084233600
A2MQAOT5U194GC,B000003ON3,5,1145318400
AB1L7X96TLASU,B000003ON3,5,1232236800
A2BXQX1EAHL4VE,B000003ON3,5,1361836800
AWGO8YX75E9F4,B000003ONK,5,1174435200
ALDBSTSMA33TM,B000003ONK,5,1404691200
AKFDBEZVKX4YI,B000003OPT,3,1162080000
A14O7UQ0IUBZ07,B000003OPT,4,945993600
A3OUZOUU7QUQQ5,B000003OZC,5,1392940800
A2ZIYNX1OQMAD5,B000003OZC,5,1333238400
ASYQMVGQRCEBM,B000003OZC,5,1202860800
A3P2UXPC37LQ1X,B000003OZC,5,1365897600
A1LFRJ3CSQFCI6,B000003QJ4,5,1284940800
A26RNPZXMS34W8,B000003QJ4,5,1283385600
A1TRAEV7QWA5DX,B000003QV7,5,1269820800
A2QW1YU8SS4WMN,B000003QV7,5,1386720000
A31NPYJV87XAZ0,B000003QV7,5,898128000
A2WWEXMXOYRBE,B000003QV7,5,1216598400
A3QS1EPDZTLPWS,B000003S7K,3,1317427200
ACPFFO8FDDVP,B000003S7K,5,1163894400
A2GHSOZAA39H3I,B000003SNA,4,1373760000
A2KU3JLBWIQQMG,B000003ST0,4,960681600
A3P574SRA1E4PI,B000003ST0,5,1345852800
A11NMMK6278IF2,B000003ST0,5,1183507200
A34W380OQLEJQO,B000003TK8,5,1163116800
A141Q89JOQ7EFX,B000003TK8,2,1068854400
AFW7QRGMSSP13,B000003TK8,4,1104192000
A2I30SRGJKF9C8,B000003TK8,5,1050969600
AUXCNPGGF5G6,B000003TK8,5,1363996800
A2OWNG4DSKNY3G,B000003TKH,5,1219017600
A14C2F100M5E66,B000003TKH,5,1173139200
A1ME9X8NTGADY9,B000003TKL,4,1393804800
A2VWTAKB1MDDGM,B000003TKL,4,1215129600
A11UJ6D659VIP9,B000003TQE,5,1313539200
A1PBBQQ71EOW4O,B000003TQE,3,1361232000
A27M15DFUPV1CK,B000003TQE,5,1030060800
A13IKSGDYNBNQS,B000003UO5,5,1194048000
A3LIMWKFR5LCND,B000003UUW,5,1052179200
A2F1XSSZ3WH42X,B000003UXS,5,930614400
A1UBBIDQTDDF79,B000003UXS,5,1158883200
AVFYJXOGLFRQP,B000003UXS,4,1155772800
A1SKFZ70F3WOK1,B000003W3C,4,1268438400
A1G88JQUZZYJCY,B000003W3C,5,1169078400
AO96OBQE0O05N,B000003XHT,5,1132358400
A21BUZUEH88ZTY,B000003XHT,5,1363996800
A3F0PJ13ABC74,B000003XHT,4,1337212800
A2QO36LRVFX0X0,B000003XHT,5,1145232000
A1GMF7ZL2U44HD,B000003XHT,5,1257033600
A3V5JJF982NS48,B000003XHT,5,1329609600
A17AY9ZLZO3TCB,B000003XHT,5,1141862400
AA8RPTVHN847,B000003XHT,5,1341878400
A3HOSQ4BCKI3QF,B000003XHT,5,1008979200
A109GI5ECTAZ3C,B000003XHT,5,1378771200
A11WN947VLDVOS,B000003XHT,5,1099699200
A1MM9UA4PJ73KT,B000003XO4,5,1332979200
ADR5QBSK21RIW,B000003XOD,4,1217462400
AH8Z73EU1GJR1,B000003Y2V,5,1227312000
A51EMVQLO7QIF,B000003Y2V,5,1012003200
A28M5UX1DLT5RF,B000003Y2V,5,930700800
A3HN3HSMKKTHYB,B000003Y6D,5,1262736000
A2KX0R3HI0KQFN,B000003Y6F,5,1387065600
A2CW9IQAPFEYLM,B000003Y6I,5,1176854400
A3MPV6UPZ3LLAM,B000003Z0O,5,1230249600
A46UV3QBLB15W,B000003ZAH,5,922752000
A1NK4FV9UMONXY,B000003ZCD,5,1347321600
A8WVT1NUPAE92,B000003ZCD,2,1371168000
A39T3JX8KR383S,B000003ZCD,5,1019865600
A3AF3YFGP90NC7,B000003ZU5,5,1147737600
A2HEXI1J7SEN1C,B000003ZU5,5,994464000
A3MVGK7L593Y24,B000003ZZ2,3,939340800
AV00M9WQLP8AK,B00000402U,5,1220140800
A3R9HPWFF9QWSN,B00000403H,4,1319414400
A2I6V7JNUR85MQ,B00000403H,3,964310400
A2UGMJM4G0JR4Z,B000004189,5,1352678400
A2D8CUJPOSRPNA,B000004189,5,1106352000
AUI62L81X6LPF,B000004197,4,1241395200
A1JSY5OF17QPLM,B000004197,3,1337558400
A1NEU6L1ZWCEZW,B0000041CY,5,1148256000
A2ZNMM6SCU15TJ,B0000041CY,4,1244332800
A3G3MUB8VLBXFJ,B0000041CY,5,955411200
A3MSQB4N3SGLZ5,B0000041CY,2,994636800
A1GBMVZOD8K9AJ,B0000041CY,3,948326400
A3J6ZI3CZPJ195,B0000041DM,5,1293408000
A30JFEZEVKQ7ZN,B0000041LB,5,1284336000
A3VYWFY97K755J,B0000041LB,5,951091200
A33M1GM1R99F44,B0000041LB,5,1393286400
A16ZKUFXHXQFW5,B0000042QC,5,1208390400
A2N7JNMIF420TF,B00000442Y,5,1352505600
A3SWWXWV1WDZ68,B00000442Y,5,1058140800
A2ZQTWVNEMNNYN,B000004430,5,1178323200
A25QVO283MA6FW,B000004439,5,1228780800
AYOPOFV2QKC31,B00000443Y,3,1149379200
A21F8L25C0FLAL,B00000445W,5,1393632000
A3ENINFL2DXA9L,B000004469,5,1402099200
A2WXSP9AIYPWBS,B00000446G,5,1221004800
A16CZRQL23NOIW,B0000044CY,5,1337299200
A8T8D8HKSOP8G,B0000044CY,5,1174953600
A3EH4UF4YAXI1X,B0000044LP,5,1149465600
A1ST2R14AQXECS,B0000044MV,2,1339804800
A35O9IF2OF80WO,B0000044MV,5,1161734400
A1JU6LMNHEWS4V,B0000044N0,5,949968000
AYUZBV33SL3XD,B0000044N0,5,1278460800
A1CYLHOL2S980Z,B0000044N1,5,1188345600
A191U44PTU82NK,B0000044N1,1,1158796800
A1N7JMQ1TAI229,B0000044N1,5,991008000
A2KCBQV70DZFC9,B0000044N1,5,1317686400
AW71BRJJ456I6,B0000044TV,5,1025481600
A3MRBCEI7GDRP0,B0000044TV,5,1372377600
A379ZG9REXQQUC,B0000044TV,5,1063756800
A8TUZYD0BCIWU,B0000044TV,5,1036368000
A3643U7B4NMOIW,B0000044TV,5,931910400
A80ABE67LSZ6U,B0000044TV,5,916358400
A31TPD0OIOO89H,B0000044V7,5,1199664000
A8IHLMGDIOK8L,B0000044W3,5,1263081600
A3CRG8NYUSK9PS,B0000044WM,5,1387670400
A1F89OE7BAM7EL,B0000044WM,5,1395360000
A2AIMXT9PLAM12,B0000044WM,5,1147564800
A21GCOV0NTSFZS,B0000044WM,5,1220227200
A11DN66LSVN5YL,B0000044WM,5,1057449600
A19O5ZFQO30UHI,B0000044X5,3,1172793600
A2I1I013BYF5S1,B0000044XF,4,943574400
A25KN43L5H094K,B00000451S,5,1286668800
A1U7TZULAHA2AG,B00000451S,5,1041206400
AVVJTGHI32A4N,B00000451S,5,1132963200
A3P97R4Y1CU84A,B00000451S,5,975974400
A19SMGY63QF77N,B00000452N,5,1117756800
AGRYVIFLVADGU,B00000452N,5,1113264000
A1X2SK79UD1ZRH,B000004536,5,963014400
A2H5W4UNFFE785,B000004540,5,941068800
A2T049UQONS0OY,B0000045TQ,3,1081900800
A3P2JRV65NG0IN,B0000045TQ,5,1076025600
ANN9BS3NTE93N,B0000045VA,5,1168128000
A20EEWWSFMZ1PN,B0000045VA,5,1185062400
A3IZ76DR8PNWE9,B0000045VA,5,1368403200
AFGNBIYN76YY4,B0000045VA,5,1344556800
A3B0Z45XPBQUJK,B0000045VA,5,1371859200
A29PROVDH33IYA,B00000463O,4,952992000
A31QV6UZ6FIXD8,B00000465V,5,1377216000
A3KLYXOWPZ7YER,B00000465Y,2,993686400
ALCOAD80Q3NVE,B0000046T8,3,1046217600
A2ITO15IFV8V33,B0000046T8,5,980812800
A1I586IWW7KLE4,B00000475S,4,1368921600
A5KYDSIJXKA,B0000047SJ,5,1042848000
A2RZ76GDVB21S8,B00000485H,5,1142553600
A1FHZ16E3CZKFF,B00000485H,5,1255046400
ASM1HMT2FKIL6,B00000488E,5,983577600
A3HEM1WWXXLOUL,B00000488E,4,1063238400
A3EFG5MS4UKNKQ,B00000488E,5,1104537600
A35GUDWU1VXBNO,B0000049KH,3,1220918400
AOU4L1PVQMVCA,B0000049LT,4,1303689600
A2853JP2IWV9EQ,B0000049LT,5,1306627200
A37A44HYFFSJUC,B0000049MF,3,959558400
AL84WM18QJSBM,B0000049NM,5,973382400
A23QTZE764PJNS,B0000049OF,5,1306713600
A2SLLJFN7D74K7,B0000049OY,5,981417600
A9XEL91PVWCJ2,B0000049OY,5,1224460800
A2VFG3ED2JKVB3,B0000049OY,4,1125878400
A5OUGRRWSUZWP,B0000049P7,5,1189468800
A1UV2YLHHN029W,B0000049Q4,4,997833600
A2TKPZET774HE0,B0000049QQ,5,954720000
A23QN46H32A1PC,B0000049QR,5,1156204800
ABBYX5F36VQZ,B0000049QR,5,1320364800
A1TO79TII2LKGV,B0000049QR,5,1138579200
A11BTA3Y7WBBIT,B0000049RJ,5,1239494400
A3P222CN9HAPTF,B0000049VX,3,1027209600
A2279SG6V1WSYA,B0000049XD,4,1400976000
ASK5NUPJWXJ42,B0000049XD,5,992131200
A1AY3EPAJGTZME,B000004A2R,5,1321574400
A3MNEG74BP2ULY,B000004A3K,5,1377129600
AYPSENSKMZ2CJ,B000004A3N,4,1400112000
A3PIXJS2CCY8C6,B000004AGL,5,922838400
A38CXV7AFOGIY2,B000004AGO,4,945129600
A3R01M8PZ4XJ1N,B000004BE7,4,950918400
AQ4B80F0JSBNI,B000004BFW,5,1402272000
A34LHCL3JYQ6S,B000004BHD,3,1107043200
A3ITEDV7EYMF09,B000004BHP,5,1312502400
AFSBKKDFLZZX5,B000004BI4,5,1359504000
A1EYLYWS6GVX9Z,B000004BKX,5,1110672000
AYPCUQS6ARWFH,B000004BNF,3,1028246400
A2VVZI7G48I0M,B000004BNF,5,1358208000
ABFP3YLOFO2G6,B000004BNF,1,1332115200
AKBJBAQEZVHGC,B000004BNF,5,923702400
A9Q28YTLYREO7,B000004BNF,5,952473600
A3U9MW0SL7QAHQ,B000004BNF,2,1316563200
AX34XBT6P8E8H,B000004BNF,3,962064000
A2MBALTIDEBHH2,B000004CKR,5,1286841600
A9MAUO67ABVOB,B000004CRG,5,921888000
A318CJV8E3PB81,B0000057F6,5,1246406400
A20IIR0422G3A5,B0000057F6,5,1184457600
A5QCKO0LL1D5E,B0000057F6,5,1265760000
AO06Y5GD259IZ,B0000057F6,3,1353369600
ARC1P24QOCRI8,B0000057F6,5,1364083200
A16CZRQL23NOIW,B0000057F6,5,1098921600
A8IRSSC4H9MB,B0000057MU,5,1160006400
AQ9T9A5WJXVA9,B0000057MU,5,985392000
AJPMK5C3BBXAT,B0000057SV,2,948153600
A11HB3LYLIQNZP,B0000057SV,3,1188000000
A3P222CN9HAPTF,B0000057SZ,3,996105600
A264N5SBX4Y2MF,B0000057TD,5,1282176000
A25G8AIUFSGGDS,B0000057WA,5,1402012800
A6IPCERKJ6QNP,B0000057WN,5,946425600
A111CGK4H6XJVP,B0000057XA,5,1095120000
AD8M88SL7RCXK,B0000057XA,5,1121472000
A36FXAMLWEHCHO,B0000057XA,1,1150156800
A1PKDM4VYHN4EG,B0000057XA,2,1185580800
A14H86ZXXZO9DI,B0000057XA,5,1152576000
A17W6ELXNWK9DX,B0000057XN,5,1291248000
A32MQVPZNKNS04,B0000057XN,5,976060800
A1NPNGWBVD9AK3,B0000057XZ,5,1114041600
A33GGROUQRQZS,B0000057YJ,4,1279843200
AFVROUVTT63XM,B0000057ZX,5,1353283200
A3VVFZ3SPYBCE8,B0000058HD,4,1357344000
A2IZ6P3LZ69SY5,B0000058HD,4,1351641600
A5E49FO8UVYL5,B0000058HD,5,1176940800
A2XIJZWKMX2P41,B0000058QO,5,1393286400
A2ZQ1C73RMQ5QZ,B0000058QO,5,1004745600
AB37XJFT72M42,B0000058R9,3,1372464000
A3GNQZHXA06BRH,B0000058R9,3,1021939200
AF6CHRX25HONX,B0000058R9,5,1062374400
A2VHY2CM5TABGB,B0000058R9,1,1175299200
A1UQ1BU51CDB53,B0000058RD,3,1136937600
A11UE0B0PICSR3,B0000058UZ,5,1076544000
A3NX43SGDTTRUU,B0000058UZ,5,966038400
A28LTOJXFSZSXL,B0000058UZ,4,1177545600
A1W50A0S6B9F3B,B0000058UZ,5,1054252800
ASSCA9IS0GWF5,B0000058UZ,5,1212796800
A1RJD10TTI568L,B0000058UZ,3,1079740800
A1N92ANFI6C5C7,B00000590D,4,1357776000
A1O7JO436IY0VZ,B00000590Z,5,1253404800
A1F0PZUSIJ58WI,B00000590Z,5,1190073600
A3HP3GQP8RFHYT,B000005911,5,1372723200
A38NMCATXCPJVS,B000005911,5,1070064000
A3JZYL17ISBXLR,B000005911,5,983923200
AJQ21PNQ70IFR,B00000597R,5,971481600
AJLL448I5K8FM,B00000597R,1,911001600
A1GPDE0SVI2EUP,B00000598K,5,1132358400
A219CCXEPDDB5U,B00000598K,5,1329177600
AV328RWUOXBGT,B00000598K,5,1349049600
A3US3V0GP47QKZ,B00000598K,5,997056000
A5ETYE8VI4I7H,B00000598K,5,1260576000
A3ULZ8Y0EQNYK9,B0000059EH,5,1173571200
A13TL7ALGWBMS9,B0000059KY,5,948412800
A85RZT46AI2Y0,B0000059UV,5,1133395200
A2HO0BJDLGBEMI,B0000059UV,5,1153699200
A8RIXS1P18XX8,B0000059UV,5,1118880000
A1C4EUJUIXGU61,B0000059UV,5,1082851200
A1OV5O2IAV5Y3T,B000005A8B,5,1134000000
ACY92V4CR73RB,B000005ANZ,5,1086220800
A16CZRQL23NOIW,B000005AOR,5,1219795200
A1JLDDNK5X1L24,B000005AQ0,4,1299369600
A234TZNJLSGO0T,B000005AQ3,3,1311292800
A1MU47D78FY5HV,B000005AQ3,1,1307923200
A34YOCH3AK627F,B000005AQC,4,1371600000
AGEP0M1O1CU3T,B000005AQD,5,1147305600
AAE2DUEMTR30I,B000005AQI,5,1029542400
A2AIMXT9PLAM12,B000005AQX,5,1193875200
A1Q7IZGCD38KPE,B000005ARF,5,1370044800
A2WGOS5CDWZ2QJ,B000005ARF,3,1387324800
ALHLQ7JDKLGDE,B000005B7O,2,1074816000
A1YJZVHU1VRVXG,B000005B7O,4,1197849600
A2VR624VGY16FR,B000005BA4,3,1334016000
A8DLQZA8WD17K,B000005BA4,3,1288828800
A2Q2PW52YWJURU,B000005BIB,3,1123200000
A19EJGG4T0SZQN,B000005BIT,2,996105600
AW4EGX9XAD8FG,B000005BIT,5,954806400
AQ6J4B5WLGRJ5,B000005BIU,5,1346889600
APXLX3U181UTA,B000005BIU,5,1231200000
A2DWFI0936TL3Y,B000005BIU,5,1264032000
A2XYVM8DSQAY1H,B000005BIU,5,1077494400
A2OYT3A7G5ZADP,B000005BIU,5,911347200
A2I6V7JNUR85MQ,B000005BY3,3,1016755200
A3CN9CCJUNIPKT,B000005CMU,5,1113091200
A3JR2BVFUXY3F8,B000005CVA,5,981331200
A1F0ITW7KPUKQI,B000005D6S,4,1226102400
A1CK7ERHPBGRLE,B000005DAJ,5,1371254400
A3GOKPA2ML1JEL,B000005DAJ,5,1208217600
A6FIAB28IS79,B000005DAJ,5,1316736000
A2PYU38TDFIXVJ,B000005E3O,5,979171200
AG7W4W9JF1RGX,B000005E3O,4,1172534400
A1GDVGBNLJMM0C,B000005E86,5,1142812800
A2T049UQONS0OY,B000005E86,5,1090368000
A27VO636QC3MLF,B000005E86,5,1070582400
A2AIMXT9PLAM12,B000005E86,5,1319846400
A2PDD9MXCDM3ZM,B000005E86,4,1263772800
A3EASZ5FX6EA1S,B000005E86,5,1010534400
A33RTYL224780P,B000005E8X,4,988243200
A22G7GOYF0NWIR,B000005FLD,5,1398729600
A15MIUID77V33G,B000005FNI,5,1359590400
A1ANRKHR4QWXJU,B000005FNI,5,1245974400
A22RXNCWIC1OCD,B000005FNI,5,1332201600
A3EZG7H2PR405N,B000005FPC,5,959040000
A1EW1OILI6AGGC,B000005FZS,5,1295740800
A3BWZYT2Z7BRSA,B000005FZS,5,1177113600
A3BD4B8HW8RT5H,B000005FZS,5,1244160000
A2CD6SDLJ7IP3B,B000005FZS,5,1238025600
A1TG0H3N09HWQ7,B000005FZS,1,1241913600
AEC3K2NL5VALH,B000005FZS,1,1231459200
A19973ESNGZL73,B000005FZS,1,1233187200
A121KILIQOOR26,B000005FZV,3,1078704000
A1CMY79HGF9PNQ,B000005G3I,4,1210204800
A1LD5E6206D1BA,B000005G3I,5,1181347200
A2S7IP7JKS1HLZ,B000005G3I,5,1193184000
A3N77F4MJAYF77,B000005G3R,5,1184544000
AAMFRGO6SL5YE,B000005G3R,5,1181606400
A3HMRNENUZBBMW,B000005G3R,5,1221609600
A1MUPDIZ9TSXAX,B000005G3R,5,1245024000
A8OYIN3B091YV,B000005G3V,5,964828800
A3NRYCO70CBUGV,B000005G3V,5,1211846400
A39JD3DOFTZCJ6,B000005G3V,5,1144886400
A1U3BSF5NCEAKT,B000005G3V,5,1035331200
A3TLEU93LDRUNQ,B000005G3Y,3,967161600
A202G64US35HQW,B000005G3Y,5,994118400
AEQFYOI6YJ83Z,B000005GGA,5,1052956800
A98OLEGTCM19B,B000005GGA,5,1243296000
A1DV4VJ2BZCFKJ,B000005GGA,5,948067200
A9YK6W4T3GO0W,B000005GGA,5,940896000
A1YHV5GQWLO9PJ,B000005H9K,5,938995200
A3NOWCJML1ISV2,B000005H9K,5,957484800
A2YXXB8ZWD2OUV,B000005H9K,4,1012262400
A2I7IS5S95CCD5,B000005HN8,4,916444800
AU1YRK7S3Y89H,B000005HN8,5,1106611200
A3NBQ0AVI35VY1,B000005HN8,5,1033776000
A10I1I0M48MZCQ,B000005HN8,5,1072742400
ACEZ4EH207WH4,B000005HN8,5,1125273600
A121X1GOQV01DW,B000005HN8,4,951436800
AME90BW3XZQAL,B000005HN8,5,1127692800
A24CBCM8Z0NFF,B000005HN8,4,1095552000
A1NDSH4GEH02AN,B000005HN8,5,1151539200
A1CX7EABEE5SGG,B000005HN8,5,926121600
A2B8SNNKL6V6H8,B000005ICG,5,987033600
A1UV2YLHHN029W,B000005ICG,5,984268800
A3BK6ANO31YVBP,B000005ICG,5,1038355200
A1XZANQNVE34I4,B000005IMU,5,1357948800
A2CQDRWYI8IFMX,B000005L4I,4,1301788800
AKIA57D3PU9LI,B000005LJW,5,1026172800
A14YZYODL6OY2N,B000005LP2,5,977011200
A1T02JRJ1F3WWY,B000005LP2,5,905817600
A2H9GIFGUK82YM,B000005M3P,3,981331200
A30JLINPGY06OX,B000005MJZ,4,983404800
A16CZRQL23NOIW,B000005MYP,5,1090540800
A1JL2H69HY65JB,B000005MZ3,2,1059004800
A25GWK5YYUQ64,B000005MZ3,2,994982400
A2XDTN7WVCDGT7,B000005OMF,5,1001462400
AUZ5G2LXFRXC2,B000005OMF,5,899769600
A114SPHN8INS38,B000005OMF,4,1137196800
A3UUZMOTX5VR0O,B000005OMF,5,1056240000
AL8PSWM9OW3N9,B000005OMF,5,953683200
A25WJ9R8JA8Z18,B000005OMF,1,1265587200
A2AP72KC0HI14,B000005OMF,5,1354752000
A1UKM7CYA6RWZ9,B000005OMF,5,1295654400
A91QKP7SPOTJW,B000005OMF,5,1194134400
A3VFNTKT3SY65K,B000005OMF,4,1377475200
AXFI7TAWD6H6X,B000005OMF,4,1104883200
A20QHBCX074L9S,B000005OMF,4,973123200
AIH5A12WAF1VI,B000005OMF,5,1131840000
A1WZI7F4E5WYLL,B000005OMF,5,1239753600
AU09HQAT9MCGP,B000005OMF,5,1395273600
AZA17FFTCY2A9,B000005OMF,5,998438400
A1TJ1TLWF5HDKQ,B000005OMF,1,1383523200
A6ZDXMHNXE6CP,B000005OMF,5,1040688000
A1BBH51VAHZQUB,B000005OMF,5,925430400
AXSRHIR4ANQXG,B000005OMF,3,1070582400
A1U937Q98GP5WZ,B000005OMF,1,1244419200
A3TF228A92XYS9,B000005OMF,4,934156800
A2W3JMA1P62IXL,B000005OMF,5,1148342400
A375G5N6US2320,B000005OMF,5,1061942400
A3S1A7YKEIAUVZ,B000005OMF,5,1144195200
A29BLCZX25E5A7,B000005OMF,5,937872000
AVCPQY2J81205,B000005OMF,1,1235260800
A2T5DREDESOA8S,B000005OMF,5,1113177600
AUQ2NNKG09E2C,B000005OMF,4,956188800
A19LXQ4ZP5OQ0M,B000005OMF,5,909100800
A3NQ41IJSWYDD8,B000005OMF,5,1403568000
A3C5LOJADS92KT,B000005OMF,5,1041465600
APU82JXLHL7IJ,B000005OMF,5,904780800
A22G5JZTMVQ4O3,B000005OMF,5,1379635200
A3394S81THNUZZ,B000005OMF,5,1156464000
A1WGUS17CYIURT,B000005OMF,5,982972800
ACIUUWRGUY4L0,B000005OMF,4,1152403200
AO2MFBARUKPDS,B000005OMF,5,1388534400
A2FBO8UA7XUT14,B000005OMF,5,1130976000
A2GUDB1WM6RIWY,B000005OMF,5,1402617600
A24FH0FGDX78BM,B000005OMF,1,1252713600
A28U5A6YGTYFN1,B000005OMF,4,903571200
AB9YZCMO68G5G,B000005OMF,5,961545600
A3LDUJRGMI6X8M,B000005OQH,4,940291200
A3VRIEJNTW1ESC,B000005OQH,4,925257600
A1LKNTDGILSYGE,B000005OQH,4,957398400
A1738XRMP454HG,B000005OQH,5,948326400
A3082ZTQD6YJFD,B000005OQH,4,1039996800
A96JD9312DHWC,B000005OQH,4,1074556800
A2P438Q8ETHVLE,B000005R0O,4,1072224000
A374Y0PZSKX16F,B000005R15,5,1241827200
ACDNX5VOK1VGS,B000005R7O,4,1183075200
A1EX9L34T98A9Y,B000005R7O,5,1371945600
A3PT84MCQHO40E,B000005RD0,5,1334188800
A3L31489BCB1D7,B000005REP,4,998697600
A27Q9NX3M3GN63,B000005SFL,4,998179200
ADYLEHKMUW4RS,B000005T3D,5,900374400
AEIBV6MPBFWBS,B000005VTQ,5,950486400
A111SVC2CG6UIF,B000005VTQ,5,1302134400
ABVG6EV0H2H38,B000005VXH,5,952560000
AAXC7X8GLF4YS,B000005VY1,2,1051228800
A3OAY4W0FHUA88,B000005VY1,5,1007251200
A188XNV7VNF86X,B000005WWL,4,1000252800
A188XNV7VNF86X,B000005WWN,5,974764800
A1TPKBOBV0O84Z,B000005WWQ,4,1365033600
A188XNV7VNF86X,B000005WWQ,5,995932800
A2WQY1B8ZS7QRZ,B000005X0E,3,1099440000
A2ZYMQ1KR99XA4,B000005X0E,4,1001376000
A2W311VC4VO3Q5,B000005XDM,5,1380931200
A1RQWSD26D82F0,B000005YXR,5,1387584000
A1E580J9WB7MFN,B000005YXR,5,1048809600
AKZ0OVKWZITGM,B000005YXR,5,1268006400
AJ5A98OZY4KLY,B000005Z6P,5,1237075200
A168INB0KUOA85,B000005Z6P,5,1353801600
A3LDV1B6RK03V5,B000005Z6P,5,1026691200
ADL8FE8XPGBWE,B000005Z6W,5,1184371200
A1HHY7EFRT2KGQ,B000005Z6Y,5,1086566400
A264WJFVSJ5V9J,B000005Z8M,5,983145600
AJPHKNBQV3HFP,B000005Z8M,5,1280016000
AS94X6ZOMC99R,B000005Z8M,5,1245888000
AJ4AZVJOVR6RI,B000005Z8M,5,1308268800
ANEDK01AG4CK7,B000005ZB3,5,1099094400
A1ZFIQ8FWYXIIO,B000005ZB3,5,1367280000
A26LE3GBQE9WGO,B000005ZB3,5,1206748800
A2UDGZUEYHULS5,B000005ZB3,5,982108800
A2INX8B6VXUVW6,B000005ZB8,3,1085702400
A1041TEHGZHEBT,B000005ZB8,3,1054771200
A2UDGZUEYHULS5,B000005ZGA,4,1176768000
A2XBGFAB6773X4,B000006000,4,1229472000
ALBSYZZQUAKHB,B000006000,1,944092800
A3GPISNWREGKIA,B000006000,5,1080950400
A2AIMXT9PLAM12,B000006000,4,1129593600
A17TOAM7163R6,B000006000,5,961891200
A3OV2TM9IZYPI5,B000006000,3,1003190400
A24IA3AVBZMDCX,B000006000,4,1005436800
A1SSFRJDAK2MWP,B00000604R,5,1114560000
AZCFYPKTP0PS3,B0000060C2,4,961718400
A21VR7M8O55EF6,B0000060C2,5,1161648000
A2TAPL67U2A5HM,B0000060H1,5,1288051200
AQ6BO9W6E71L4,B0000060H1,5,1378944000
A2TAPL67U2A5HM,B0000060H2,5,1325894400
A3BFJFJRXMWXAX,B0000060ZQ,3,1034985600
A3ELFUAWJE9O59,B0000060ZQ,5,960163200
A2CR4JWP2LYO5G,B0000060ZQ,5,1167264000
ARQDTN7RN1ZJV,B0000060ZQ,5,1139875200
A3MHTLVXN6B1YB,B0000060ZQ,4,1167004800
A3DUJJYXCLMDDL,B0000060ZQ,4,1024444800
A1P4S5AUUXJQI7,B0000060ZQ,4,1154131200
A2X7NBUETXC19E,B0000060ZQ,4,1357862400
ANCNENCQQ5VU9,B0000060ZQ,3,1387756800
A8VUHH1XDO9N,B0000060ZQ,5,1258156800
AZNOS41BIVRTN,B0000060ZQ,4,1384732800
A2P2FXCS077MRU,B0000060ZQ,5,967075200
A1NH8RA9ORRC3W,B0000060ZQ,2,959904000
A1AD05HC4T5WUP,B0000060ZQ,5,1115164800
AJL1GY6CCEK79,B0000060ZQ,1,1004313600
ANZF8PG6ZU5D8,B0000060ZQ,4,966297600
A1ABR9XW8ZUQT0,B0000060ZQ,4,1385683200
A1SU1QP6D15DNB,B0000060ZQ,5,1011225600
A1Q35LSACN9UKE,B0000060ZQ,1,932774400
A8W8JNQ9BJUYB,B0000060ZQ,4,1013385600
A3JAGE85ZEVPVY,B00000614Y,5,1058572800
A1U75NOPM1ZKBP,B00000614Y,5,1006041600
A2ZOT8IAP8G17A,B00000614Y,5,1184544000
A14J9223T3PR4Y,B00000617U,5,1312329600
AGEIT17HENDIS,B00000618D,4,1234051200
A2U2OY3EEB4WB1,B0000061JK,5,1229990400
AAE2DUEMTR30I,B0000061JK,5,1233187200
AFVROUVTT63XM,B0000061JK,5,1359936000
A2A975FISDXT3B,B0000061JS,4,1110412800
A2AZ8YS5EDVR7C,B0000063DF,4,969148800
A3D231P11MPH8W,B0000063G0,4,1326931200
A13ZLFBV1PPLOH,B0000063GO,5,1390953600
A3OW01CTUMKQYF,B0000063GO,5,1055462400
A32S2MHJY8WUPA,B0000064B2,5,1400198400
AR9XG45NCCU81,B0000064B2,5,1007942400
A19T4IHJU5CZOE,B0000064B2,3,1273449600
A11CBO929T8NXP,B0000064P6,4,1329264000
A2W397HR9HPLM0,B0000064P6,5,1364428800
ADF0J7YX2DX6N,B0000064ZP,5,1361577600
A1PRHU0TAOG4TR,B0000069GK,5,936057600
AE2AJSK9NHTDT,B0000069H4,4,1326844800
A7TLE37S824PZ,B0000069H4,5,1279756800
A3LY7CTKL5YHCE,B000006A7Q,3,1274832000
A2B8SNNKL6V6H8,B000006ARK,5,994723200
A11YV8Y3CIA8L7,B000006AXT,1,1396137600
A2PAD826IH1HFE,B000006B8N,5,952041600
A3NFGH2WJHKLYR,B000006B8N,2,1368748800
A3GSSHOC7N92MD,B000006B8N,5,1224633600
A1F89OE7BAM7EL,B000006B8N,4,1301184000
A2CNUNI1HS8A18,B000006BFR,4,1295654400
A17TLZZX66M7F8,B000006BFR,5,1140998400
ACFSHN5RQSWIP,B000006CBZ,5,1382140800
A2GF39YCGDU1HS,B000006CBZ,5,1125014400
A36JTZOFGE24GM,B000006CBZ,4,982022400
A11BEQHZLXQ124,B000006CBZ,3,1138752000
ABL71LOZRKVUZ,B000006H5U,5,1368835200
A37TA7WC9RBXDZ,B000006H5U,5,1396051200
ANG0IG616VFG2,B000006J5M,5,947030400
A3HOX8HE7ANO1J,B000006J5M,5,1028678400
A3A5AB1XA6G9TN,B000006J5M,5,969148800
A1TJJNBIYJ8NZG,B000006J5M,5,1262390400
A1EEWO7QSG000G,B000006J5M,5,1356739200
A2NC7IUCYRX98L,B000006J5M,5,1213833600
A3LEO3NEGY5NHP,B000006J5M,4,999734400
A1U294FSLXAS6Y,B000006J5M,2,1019174400
A1QDGWZYY7DHOC,B000006J5M,5,1356825600
AAZZ32T89NQMH,B000006J8Q,5,1170288000
A17NLHQH58EUEV,B000006J99,4,1378339200
A35DVYR85YEO1A,B000006JHT,2,1195084800
A3SUG1O5YSG659,B000006KNO,4,1244332800
A2LC40OGKR7FRX,B000006KNO,5,1137196800
A6FIAB28IS79,B000006KNO,4,1187049600
AKNTZBA78F42U,B000006NBM,5,1090454400
A31VF6YDD3PYM0,B000006NBM,5,1121817600
A2XS4VX1TR8H6R,B000006NBM,5,1361318400
A15W1QVT3JMBM4,B000006NGF,5,1338595200
A3R01M8PZ4XJ1N,B000006NLE,4,973209600
A2CPS8OQWV4DNO,B000006NLL,5,953596800
A3DLT6E1SFQ9LN,B000006NSS,5,1111968000
A19T9YVZXNSCZQ,B000006OGV,5,1191801600
AO3SFLNJKFGV2,B000006OJO,3,988243200
A1B6HZ2W5XCV0I,B000006OJO,3,1307923200
A1POHXLVFCOKTO,B000006OJO,5,1255910400
A3PEQ9I5TEOOPR,B000006OJO,3,1032307200
AJNWT62GD58MQ,B000006OSI,4,1200268800
A200OXW9GGGJGA,B000006OTV,4,1136332800
A379ZG9REXQQUC,B000006OXR,5,998611200
AWQ7FDX6EXQ3P,B000006PCT,5,971568000
A1QUG4PRF0LLM,B000006SAC,5,981331200
A28DG7L291P0U8,B000006SAC,4,981590400
AXWF3P7EMY7XW,B000006SAC,4,1195257600
AK3I0GM38DYHD,B000006SCR,2,1174348800
A3K3Z7C7O0PMBH,B000006SCR,5,1334534400
A10MYTKHYDJMX5,B000006SCR,3,1194393600
A352V060ZWSFB0,B000006SME,5,1338422400
A350BA35NAQ5E4,B000006SME,5,1172016000
A1RR8MILLMBI8N,B000006SME,5,1395446400
A260HDJ5Z8CUX2,B000006SME,5,1352851200
A332RGE8UV48AY,B000006SME,5,1082851200
A1FIK2VMDBUEY8,B000006SME,4,1369180800
AWNOBF4JJ4KEX,B000006SOL,4,1319414400
A29RPRVTC0UXUH,B000006SOL,4,1163721600
A14WZWFB25YIXC,B000006SOL,4,1331510400
AKFE1P1ZDBPXU,B000006SOL,4,1075507200
A33LIZJUWQIED7,B000006SOL,4,1010880000
A3UWH55TK2YDC,B000006SPQ,5,960681600
A199JIUZMVE5Y5,B000006SPQ,5,1008806400
A2BJ5KIEDYGSLF,B000006SPQ,5,1277856000
AQQ4RNHP585Q9,B000006T7Z,5,1232928000
A3SBMNHTKW2H02,B000006T7Z,5,1278028800
A3SHV22BFGC4H3,B000006U8S,3,988848000
A2NODAA5WJM65Q,B000006U8S,5,944784000
AQ0CKK0YRTDQI,B000006U8S,4,1125705600
A29VGZO4RC13C8,B000006U8S,5,1277683200
A3NUAU3L04S1X9,B000006U8S,3,1346716800
A18IZ5QX2PRB3C,B000006U8S,1,1153699200
ABVXKXI7222J4,B000006U8S,2,922579200
A38HYTDC8U9X1S,B000006U8S,4,1360972800
A1JO76EHA589TK,B000006U8S,5,1267488000
AQP1VPK16SVWM,B000006U8S,2,914371200
A1878MC5NY4QBS,B000006UHB,4,990144000
A1IQG3JIMMR6A3,B000006UHB,1,979776000
A3UPDW20BPB735,B000006UHB,5,1174867200
A179LO50GS80SS,B000006UHB,5,1135296000
A1CA4ZD9KYZ92K,B000006UOH,3,945993600
A3MJ7VMRGDPKCN,B000006XMN,5,1374710400
A2YKHLA44FPU16,B000006XMN,5,912988800
A2EKQ3Z4LKL3RJ,B000006XMN,5,1378684800
A246B2NHQHGPJ5,B000006XMN,5,1342656000
A2U49LUUY4IKQQ,B000006XMN,5,1066521600
A3P21LR2LPGCRX,B000006XMN,5,1297036800
A18005DXJWS1UA,B000006XMN,3,1381795200
A36PIDNQLXL9KG,B000006XR9,5,1397347200
A32XBMDU58G03M,B000006XR9,5,1369180800
A1GAWT4OW83G7O,B000006XR9,1,1234224000
A85GQWSTQV4NJ,B000006XR9,5,1374451200
A6IA0L4C5QUVH,B000006XR9,5,1254355200
AXOP75YM2Q207,B000006XR9,5,1255219200
A1URCZXB6R8ITD,B000006XR9,5,956188800
A2VRV0C12B9G8C,B000006XR9,5,976838400
A12BNKPG55KDX5,B000006XR9,5,1376870400
A3Q39KU53T7H87,B000006XR9,5,900633600
A5AZ8WVN95VF,B000006YL8,5,982713600
A12XAQEB238DJ7,B000006ZBB,5,975542400
A1299RSMAE0Q1Z,B000006ZBB,5,1130112000
A1CV2DV4SAV2F7,B000006ZYL,4,1156809600
A3B08CAHN6IYM6,B0000070CV,5,1067385600
A5495Z5QZL2QV,B0000070CV,3,1135123200
A39H5ZCKFUMO2K,B0000070OQ,5,1171411200
AT2JZ0EN43GYE,B0000070OQ,4,947980800
A1SW8DW2VX6U9Y,B0000070OQ,5,1078790400
A9Q28YTLYREO7,B0000070OQ,5,963187200
A38QTZ9C959FZD,B0000070OQ,5,1367366400
A2XD0FRBLQPM2,B0000070OT,5,961632000
A3KJ6JAZPH382D,B0000070OT,4,1173225600
AZSWIST8YMBR6,B0000070OT,5,1222041600
A2Z0ZNKG6XCB4F,B0000070YG,3,1397088000
AVPGT59SSCK40,B0000070YG,4,1060560000
A1GUXL8CQWVHOP,B0000070YG,3,961113600
A38B7WNY314B4I,B0000070YG,5,1375056000
A3R75H3IPPC2UX,B0000070YG,5,1397088000
A1BY2FTM2QYQ2I,B0000070YG,5,1000684800
A2U49LUUY4IKQQ,B0000070YG,5,1105401600
A3C7BHXO6PD0UZ,B0000070YG,4,1134950400
A36G227YZ69C50,B0000070YG,3,1305590400
A2SYR8CV73D1IK,B00000714S,5,983664000
A25J4LR1G3F2AW,B00000714S,3,965001600
A2AL4D0KY7G3NN,B0000071IH,5,924393600
AMSHEKVM016BB,B0000071IH,5,1367539200
A8DBX9N8V89KD,B0000071IH,5,908323200
A3G9UENRNJXRR4,B0000071IH,5,1405468800
A2BISXP6UYLCQM,B000007219,4,961891200
A19KRAIAYGWC3R,B00000721Q,5,1389657600
A1HAZSES3A7X8V,B00000721Q,5,1005782400
AHUT55E980RDR,B00000721Q,5,1038787200
A144CQJSAPBTGR,B00000721Q,5,931219200
A22S91YEO8DJBF,B0000072Q3,5,1009929600
A25LQ2LYFWZLFC,B0000072Q3,5,1367798400
A12I9G6JQ6IW2V,B0000072Q3,4,994118400
A3B0GFEVA08M2T,B0000072WV,2,972345600
A1WPZZ4VDJ6O86,B0000072WV,4,966902400
A2T3C2E1J0E6WH,B0000072WV,5,1112659200
A20AAR5OZ55BH7,B00000738Z,5,1353974400
A2TAV6XYP1UB4P,B00000738Z,4,1008374400
A2RBVUYJ90561C,B00000738Z,5,1220313600
AUXTEBHA78LCK,B00000738Z,4,1273190400
A2LYWS7ZARC3IL,B00000738Z,4,1057795200
A78LEY3IU3F5O,B0000073EV,4,1169337600
A36JLQHD7LB337,B0000073EV,5,1047340800
A31ZRCH8439PGK,B0000073F2,5,1308441600
AZ45PM5KAT9AY,B0000073F2,5,1014595200
A1PBFTK8G3NYGT,B0000073FA,5,1081814400
A3RX1KOYDLJEZU,B0000073FA,5,1142294400
A1PID2MT8MMPAF,B0000073K0,3,1151539200
A3VP63COQNVUVA,B0000073K0,5,1070150400
A2BU4VOM170W1Y,B0000073K0,5,1320451200
A2V0XHYSODC6CU,B0000073K0,5,1019088000
A2ZBCIBUI267FO,B0000073K0,5,1027468800
A2OPSPL8LSSJPC,B0000073K0,5,1357776000
A1D3SPG5DA9A75,B0000073K0,4,947030400
A11NDY26UGF40Q,B0000073K0,4,1077494400
APQIHOP82J3NH,B0000073K0,5,1019001600
A1E6U796EWSWXL,B0000073K0,5,1404950400
A3TA0JM7Y9CR6S,B0000073K0,4,1038355200
A1QRRYZPOZD3TG,B0000073K0,5,1019001600
A20B9TY48OHRI8,B0000073MN,1,1176163200
A2WQY1B8ZS7QRZ,B0000073MN,3,1165881600
A3SBMNHTKW2H02,B0000073QF,5,1288742400
A3P7I33T0YU73G,B00000742X,5,1186704000
A264UJZ01IGDTT,B00000742X,5,1233014400
A3S3S4MGPCDPCP,B00000742X,5,1284422400
A29YOHK9XNRANX,B00000742X,1,962496000
A1M565RCG69Z5H,B0000074IG,5,942364800
A36DSNHWFJ9BR7,B0000074IG,5,1358899200
A22A5O3Q9TLKNU,B0000074R1,3,1167782400
A1WY5O0ETKQ0TE,B0000074R1,4,1326326400
A1GKKAE56NE6EU,B0000074R1,1,1319760000
A23BA0P1V4LNL5,B0000074R1,3,1240444800
A1E6T0SEP4ZLJT,B0000074R1,2,1192406400
A1ADIGIAPIRYO4,B0000074YY,5,1354579200
A3UJBXL552F22D,B0000074YY,5,1292716800
AABU56C3WPXKV,B00000756M,5,965174400
A391VNWDIPS90U,B00000756M,4,1387065600
A11OZD0AZUPTR5,B0000075J4,5,972950400
A2F2FREE675W6Q,B0000075J5,5,1010966400
A3J8E4B6561ZMH,B0000075J5,4,1036281600
AL1SRSCFD4UN8,B0000075J6,4,1235088000
A2DVFHG099GUGE,B00000769M,3,970358400
A3CKPNSGA7JOLK,B0000076HL,4,1386460800
A1FU7JFCNTGDFB,B0000076HL,3,1177891200
A23LCEFE2BWE5F,B0000076HL,4,1041638400
A137C1OHFR03NR,B000007N32,4,1245024000
A2HR0IL3TC4CKL,B000007N32,4,945820800
A2PAD826IH1HFE,B000007NEC,5,952387200
A2HR0IL3TC4CKL,B000007NEC,5,978134400
A3JTUXFZ1L5YTQ,B000007NEC,5,923011200
A1KQYZZNN4G4XT,B000007NEG,5,937440000
AQ6J4B5WLGRJ5,B000007NEG,5,1170979200
A2TAPL67U2A5HM,B000007NEG,5,1285632000
A2OZKI3LI79ZZC,B000007NEG,5,961372800
A1GNP2Y50R26HS,B000007NEY,5,1014595200
A30RI0AJ4CQBU1,B000007NEY,5,1305763200
A31H47QJ9FQE3S,B000007NEY,5,1362096000
A3811IDGD9A2B4,B000007NEY,5,931996800
A2X1HECF6XVGFQ,B000007NEY,5,1316304000
A1BKMU7Z6D856N,B000007NMD,5,945907200
A3ECYIOHITHL3K,B000007NQ7,5,1233100800
A1JWSDDIH5Z7DV,B000007NQ7,5,1325030400
A70WPHE33U5B,B000007NQ7,4,1347062400
A360U2VTZM0MPM,B000007NUM,4,1388102400
A3PCTD8QM1BIXI,B000007NUM,3,1324339200
A298ZTZNME9NGX,B000007NUM,5,1388102400
A2E0XJJ1LAOJ0L,B000007NUM,3,1358726400
A3OHBDJXFLTD3B,B000007NUM,5,1291680000
A3DLT6E1SFQ9LN,B000007NUM,5,1107561600
A36EP9YN6J24U7,B000007NUM,2,1293148800
A1BX06Z8YC3RLS,B000007NUM,4,1355270400
A3DTODB072QRUC,B000007NUM,5,1396396800
A1P5M2GWACD2BG,B000007NUM,5,1366156800
A1DZFUN03ER20G,B000007NUM,5,1350259200
A112EXGPYBT397,B000007NUM,5,1392508800
A32J3NZVAL4BEB,B000007NUM,2,1354060800
A2TPSIS7AACVJ4,B000007NUM,5,1338508800
A2NQEY6R2BO8L2,B000007NUM,5,1294444800
A8NA50DUZ2N09,B000007NUM,5,1392422400
A2RRTPFGA1GKK8,B000007NUM,5,1389312000
AEJ6BPN2AMITH,B000007NUM,5,1387324800
A2AIMXT9PLAM12,B000007NUV,5,1319414400
A1ACAP8EULDME0,B000007O1I,3,977702400
AMBM1EX7ZBFI2,B000007O6Z,5,1098748800
AR38UO36XB7MR,B000007O8Q,5,1361923200
AQ9T9A5WJXVA9,B000007OLS,4,1330387200
ANZ35FVJ6TPHG,B000007P3G,5,967852800
A2UT4S2DJZDSR3,B000007P3G,5,990403200
A1X6ZVXHLCAX3U,B000007QB4,5,980035200
A17EJ8FLFWVQJC,B000007RZS,5,1376524800
AJAC3PF8FWAMU,B000007RZS,5,1064188800
A2H0K8XS1BSMSI,B000007RZS,5,1355875200
A1IQCTVJCLJRAJ,B000007S3U,5,1129766400
A3CN9CCJUNIPKT,B000007S3U,5,1223596800
A2FZ7RSK0Z2L92,B000007SS5,5,1055116800
A2H26UMCL3YTY9,B000007SS5,5,1142380800
A19QFPITR2N8M9,B000007TOH,5,1349136000
A337ZYDBJSUWXR,B000007TOJ,4,1015113600
A1LBY42L8M99KR,B000007TOJ,5,1073865600
A91BK8S5QH98K,B000007TOJ,5,1254355200
A3DK5X66XYMTHO,B000007TOJ,5,1201910400
A23AWIMDKGQHZR,B000007TOJ,5,1142726400
A3ULZ8Y0EQNYK9,B000007TS1,5,1294963200
A2HR0IL3TC4CKL,B000007TS2,5,1105488000
ALTXHV0NFBA6H,B000007TT3,4,1009929600
A2T28VQE67FG9H,B000007TT3,1,1009843200
A3VZVYWCTGIEV0,B000007TT3,4,1309824000
A2VIBAAUWFUP19,B000007TT3,5,1011225600
A3RXYJ6TFT33GY,B000007TT3,5,1280793600
AAU8DMIZ6LA82,B000007TT3,5,1066521600
A1LBL3FA5PX7EN,B000007TT3,3,1089504000
A3SK0VFY617MCP,B000007TT3,5,1039651200
A2HGTCUW4YJ8MG,B000007TT3,5,1081296000
A84S5U7FCAGC3,B000007V6Y,2,949104000
A35P49LCDWICYM,B000007V6Y,3,1132617600
AWLISKK9SRZ1T,B000007W07,5,1340496000
A100ZQDV7L8PVV,B000007W6R,5,1190073600
ACTIXFSZ8XBCG,B000007WA0,5,1397520000
A2FVNBH1RPMO7E,B000007WA0,5,1398384000
A1981BJUPA3R8C,B000007WA0,3,1391040000
A158GJ307MYIAT,B000007WA0,3,1016496000
APUW6VOD497AJ,B000007WA0,5,961372800
A2TQU8CEMCW3IS,B000007WA0,5,1370822400
A32SQA1F5JMZ98,B000007WAF,5,1115424000
A2OPDH7BPBEESR,B000007WAF,5,962928000
A17CY6GB03H011,B000007WBI,5,986860800
AA3TNAG2WC4HL,B000007WBI,5,944352000
A1011O2T8JFS8S,B000007WBI,5,1000857600
AKY81FYPK4YE5,B000007WBI,4,1179100800
A192KN1POM24YV,B000007WDR,5,1234310400
AO2AQRPPSTABB,B000007WDR,4,1133568000
A1Q7329LOIJG6M,B000007WDR,4,1029110400
A6PEUBK1WCM1F,B000007WDR,5,1343347200
A2JP3267E4RKBM,B000007WDR,5,1403827200
A21KYLF0T9BBFB,B000007WDR,1,1297728000
A2LJQIZTQDZVX,B000007WI8,5,1041724800
A3GAF4WXUDEUGU,B000007WT8,5,1351900800
A3KSX2OK6UOCEU,B000007WT8,5,1279929600
AFG1F4KD3YV7R,B000007WT8,5,1307750400
A1S1TB1EIQJ2CV,B000007WT8,5,1390867200
A11F6B9XWBFC3Z,B000007WXR,5,1178150400
A1Z9PUI7CICECU,B000007XK8,4,974160000
A3B74896IK6DP3,B000007YI7,5,1395964800
A2XZ8WZV2C68UF,B000007YT5,5,1168992000
A3504O0WZ3TQH1,B000007ZF8,5,986774400
A1T7GFEC4G3F51,B000007ZF8,5,1365897600
ARWCQUR3TQZ3N,B000007ZF8,5,1213747200
A2RD0PJZXXOR64,B000007ZF8,5,990403200
A3BY5KCNQZXV5U,B000007ZF8,5,1201219200
A1B57308294F09,B000007ZF8,5,1394928000
AEK6Q0K5B56VY,B000007ZF8,4,963187200
A3F2KKZIUSPJS4,B000007ZF8,4,1019692800
A1B7BCK4TQYF18,B00000824Z,4,1008028800
A5TGNULXOHYO1,B00000824Z,5,954547200
AGTETULRIDQRO,B00000838U,5,950745600
A2TT5FMAJ3MKEN,B00000838U,5,1049760000
AE5H0OUVCPOGR,B00000838U,5,1137888000
A2WJ5RBF8DJK17,B00000838U,4,1353110400
A24SCQDYI50MWR,B00000838U,5,1256947200
A1UJIGTBZF2AMM,B0000083NX,5,1274054400
A2UTQCCMMRG13R,B00000842P,5,1339200000
A276AARIL24KQ,B00000842P,5,1342396800
AALYKLHR3FOUD,B0000084G8,5,1257811200
ACNNTKF8PDMZ5,B0000084G8,5,1138579200
A2OIG797SVF2ZJ,B0000084G8,5,1359504000
AO2AQRPPSTABB,B0000084G8,5,1050105600
A2VZ15NWE66OB5,B0000084G8,5,945302400
A1XQIC1SJMKEU4,B0000084G8,5,925430400
AHYIZW02XEHE7,B0000084IX,5,1392249600
A2SH7OWE8QJYNC,B000008528,4,988848000
A34ZEZES790HE1,B000008572,5,1333497600
A2PE47T9SHLP20,B000008572,5,924307200
A20HVCKEQF8LFQ,B000008572,1,1213747200
A39EWZC263SF0W,B000008572,4,1141171200
A2YK6UYL69ULYO,B000008572,5,1175990400
A10NZ4468FYTBB,B000008572,5,1217030400
A26QLG1FKM1RT5,B0000085CM,5,1353542400
A18S2VGUH9SCV5,B0000085CM,5,1157414400
A2U49LUUY4IKQQ,B0000085CM,5,1044489600
AW2QSBNKZKSNT,B0000085CM,2,1175644800
A17B9MOP3FIJUF,B0000085CM,4,969580800
A3W4W7A4KG1GK,B0000085R8,4,1339372800
A2NH0JVJFZFSAU,B0000085V6,4,1188777600
A2W9ZUAQDNBMTY,B0000085V6,4,1387324800
A391VNWDIPS90U,B0000085V6,5,1355616000
A3TNM3C9ENUCFW,B00000862T,2,1084406400
ATK48EWRWTQZZ,B00000868L,3,1347494400
A3CNLKYVB7WDLH,B0000086IZ,2,1185580800
AT53857SQ55Y8,B000008752,4,1313452800
AKHDCY31VYD95,B000008768,5,1366416000
A2NJO6YE954DBH,B000008768,4,1056758400
AUYSONE0WI90H,B0000087RC,4,1197331200
A1LBK07FK00N0Y,B00000885R,5,1018828800
A39HQP3S3VO9RS,B00000885R,3,985392000
A1KJ3OFV7I4URD,B0000088CZ,2,1209859200
A26GFB4AEVBHOW,B0000088CZ,4,1203811200
A134ZEJ6BHV0FF,B0000088CZ,2,975974400
A3L05MN3VFV4IV,B0000088CZ,3,1218672000
A36DSNHWFJ9BR7,B000008970,5,1358899200
A3OTIQR15W4LY5,B0000089EZ,4,991440000
A1DBHIRGMRU8J2,B0000089U3,5,927590400
A2XDE1493Z85UA,B0000089U3,5,944611200
A2YZ62VVDFHB3J,B0000089U3,5,941932800
A2O4RWKLB47RVH,B000008B6E,5,1292198400
A2NYK9KWFMJV4Y,B000008B6E,5,1404864000
A3H7SBRBYZAMNB,B000008B9S,5,1371945600
A1V96UFJQ8HRNK,B000008B9S,5,1204416000
A3N646683HAEFX,B000008BQ8,5,1110499200
A1EYNL15QAOSG2,B000008BQ8,5,1114300800
A2SF93V2KD7ZRT,B000008BQ8,5,1382227200
A1M3NN36I7NNYC,B000008C0Z,5,1382486400
A2Y0JN2RCAA0AI,B000008C5B,4,1369872000
A2HSWJXVSB7AU,B000008FKM,5,1063238400
A84GNTFQG8BO9,B000008IBX,5,1299024000
A2B4RSFWUMT64Q,B000008IBX,4,1399075200
A3T3RVI10FF6YK,B000008IBX,4,1140307200
A10GKF4UJJSDPD,B000008IBX,5,1180569600
AGFN60YDER5PM,B000008IBX,5,1322179200
AO3S22CQVL6PZ,B000008IBX,5,1303084800
A12D9V2PVNUGEE,B000008IBX,1,1127001600
A16WGA7JZLI62G,B000008IBX,4,1137888000
A1Z20EKEQHT9RF,B000008IBX,5,1144713600
AGGP8FKBFDHL1,B000008IBX,4,1342396800
A2X7NBUETXC19E,B000008IBX,4,1286496000
A2F9H0IJ3V65VE,B000008IBX,5,1226707200
A2YKNVSKNCTFUV,B000008IBX,5,921456000
A1O8J64Q4PMZCA,B000008IBX,5,1379376000
A22V2WVDNWET2M,B000008IBX,5,1371513600
A7WZ7S2YHLYKW,B000008IBX,5,1397606400
A3JCX9708614D4,B000008IBX,5,1119052800
A2EHIVIA8HULEK,B000008IBX,5,1371772800
A1DFGZQW98HJTA,B000008IBX,5,1179705600
A33UNXTRJPC1W8,B000008IY7,5,1194825600
A2GM883SM9R942,B000008IY7,4,1332201600
A1V6SH4GE0AF09,B000008IY7,4,1326326400
A8MZ1GNMTKWNC,B000008K63,5,1372550400
AOT1TMLA5PQSD,B000008K63,3,1302220800
A2W65WY37AWT5C,B000008LRC,5,1109462400
A1KOOX1O09REZH,B000008N69,5,1013212800
A11DNP82V6TZGV,B000008N69,5,1113436800
A6L0LTCYAEKSB,B000008O3N,5,1294185600
ATDE9JYCPI0L1,B000008O3N,5,1029715200
A1E1S5X1I2VTFK,B000008O9R,1,1380844800
AHTPJC3KUGA4L,B000008QLH,3,1011398400
A3CTRG19EZOZPS,B000008QLH,4,1099353600
A2MP58L224DF1B,B000008QWV,5,1265155200
A12992398DDK8X,B000008QWV,5,1180656000
A1008ULQSWI006,B000008S1L,3,1378771200
A3TUJUV29DQXG5,B000008SAK,5,1201651200
A35WGVT8AUEODN,B000008SNH,4,1395100800
A2JJSCIGPZDWHI,B000008T0E,5,1261699200
A1RATRCMCHU8QM,B000008T0E,5,1013212800
A30RH4RQXKUGUY,B000008T0E,3,987465600
A2DIE8YRGFSB09,B000008T59,5,1365638400
A3KHQXC7TVKJHO,B000008T59,5,1127260800
A2205GQT1W1YO0,B000008T78,5,959212800
A3KDB65YC24P2N,B000008TI8,5,1260057600
A3N3WX3Z6L9YE0,B000008TI8,5,1156982400
A318N67GEAL8BS,B000008TI8,5,1396224000
A3C9L16WKSPE2R,B000008TI8,5,1359244800
A2B9RYFWCOQI4D,B000008TI8,5,1209686400
A2507VDSZB08X4,B000008TI8,5,1178409600
A3PGGPL7FM9F81,B000008TW2,4,1238889600
ANYGYHQI06LHW,B000008TW9,4,961545600
A3MF8OXW5Q04D0,B000008TW9,4,997747200
A1MHGCH86S8VKQ,B000008U8T,1,1339286400
A1OV5S2N1L2Z07,B000008U8T,4,1099526400
A3N0E03AQD128O,B000008U8T,3,1139270400
A21VR7M8O55EF6,B000008UC6,5,1301270400
A3R63VQ1IIXY18,B000009CJF,5,1309305600
A188XNV7VNF86X,B000009CJF,4,976492800
AP827U4D7MD89,B000009COZ,5,1126224000
A29IGHJWI6KX9F,B000009CX7,5,1257033600
A2QYGUGI9UA8UW,B000009E0S,3,1360713600
ASFTJ1N4D71U5,B000009IFY,4,1212364800
A2T049UQONS0OY,B000009J6P,3,1105747200
